unique_squirrel_id,area_name,area_id,park_name,park_id,primary_fur_color,highlights_in_fur_color,location,above_ground_height_in_feet,specific_location,interactions_with_humans,lat,long,lat_long,activity
A-01-01,UPPER MANHATTAN,A,Fort Tryon Park,01,1,White,1,NA,NA,Indifferent,40.85941,-73.933936,POINT (-73.933936 40.85941),3
A-01-02,UPPER MANHATTAN,A,Fort Tryon Park,01,1,White,1,NA,NA,Indifferent,40.859436,-73.933937,POINT (-73.933937 40.859436),3
A-01-03,UPPER MANHATTAN,A,Fort Tryon Park,01,1,White,1,NA,NA,Indifferent,40.859416,-73.933894,POINT (-73.933894 40.859416),2
A-01-04,UPPER MANHATTAN,A,Fort Tryon Park,01,1,White,1,NA,NA,Indifferent,40.859418,-73.933895,POINT (-73.933895 40.859418),1
A-01-05,UPPER MANHATTAN,A,Fort Tryon Park,01,1,Cinnamon,1,NA,NA,Indifferent,40.859493,-73.93359,POINT (-73.93359 40.859493),1
A-01-06,UPPER MANHATTAN,A,Fort Tryon Park,01,1,Cinnamon,1,NA,NA,Indifferent,40.860825,-73.932871,POINT (-73.932871 40.860825),4
A-01-07,UPPER MANHATTAN,A,Fort Tryon Park,01,1,White,1,NA,NA,Indifferent,40.860225,-73.933143,POINT (-73.933143 40.860225),3
A-01-08,UPPER MANHATTAN,A,Fort Tryon Park,01,3,Gray,2,10,NA,Runs From,40.859965,-73.933412,POINT (-73.933412 40.859965),4
A-01-09,UPPER MANHATTAN,A,Fort Tryon Park,01,1,White,1,NA,NA,Indifferent,40.859892,-73.933326,POINT (-73.933326 40.859892),3
A-01-10,UPPER MANHATTAN,A,Fort Tryon Park,01,1,White,1,NA,NA,Indifferent,40.859636,-73.933717,POINT (-73.933717 40.859636),2
A-01-11,UPPER MANHATTAN,A,Fort Tryon Park,01,1,Black,1,NA,NA,Indifferent,40.859576,-73.933738,POINT (-73.933738 40.859576),2
A-01-12,UPPER MANHATTAN,A,Fort Tryon Park,01,1,White,1,NA,NA,Runs From,40.859989,-73.934544,POINT (-73.934544 40.859989),1
A-02-01,UPPER MANHATTAN,A,J. Hood Wright Park,02,1,Gray,1,NA,NA,Indifferent,40.845749,-73.9407,POINT (-73.9407 40.845749),1
A-02-02,UPPER MANHATTAN,A,J. Hood Wright Park,02,1,Cinnamon,2,2,NA,Indifferent,40.845875,-73.940808,POINT (-73.940808 40.845875),3
A-02-03,UPPER MANHATTAN,A,J. Hood Wright Park,02,1,Cinnamon,1,NA,NA,NA,40.845875,-73.940808,POINT (-73.940808 40.845875),3
A-02-04,UPPER MANHATTAN,A,J. Hood Wright Park,02,1,Cinnamon,1,NA,NA,Indifferent,40.846088,-73.940613,POINT (-73.940613 40.846088),1
A-02-05,UPPER MANHATTAN,A,J. Hood Wright Park,02,1,Cinnamon,1,NA,NA,Runs From,40.846088,-73.940613,POINT (-73.940613 40.846088),1
A-02-06,UPPER MANHATTAN,A,J. Hood Wright Park,02,1,Cinnamon,1,NA,NA,Indifferent,40.846088,-73.940613,POINT (-73.940613 40.846088),3
A-02-07,UPPER MANHATTAN,A,J. Hood Wright Park,02,1,Gray,1,NA,NA,Runs From,40.846222,-73.94094,POINT (-73.94094 40.846222),0
A-02-08,UPPER MANHATTAN,A,J. Hood Wright Park,02,1,Cinnamon,1,NA,NA,Indifferent,40.846222,-73.94094,POINT (-73.94094 40.846222),3
A-02-09,UPPER MANHATTAN,A,J. Hood Wright Park,02,1,Cinnamon,1,NA,NA,Indifferent,40.846197,-73.941026,POINT (-73.941026 40.846197),5
A-02-10,UPPER MANHATTAN,A,J. Hood Wright Park,02,1,Cinnamon,1,NA,NA,Indifferent,40.846185,-73.940613,POINT (-73.940613 40.846185),1
A-02-11,UPPER MANHATTAN,A,J. Hood Wright Park,02,1,Cinnamon,1,NA,NA,Runs From,40.846271,-73.940579,POINT (-73.940579 40.846271),2
A-02-12,UPPER MANHATTAN,A,J. Hood Wright Park,02,1,Cinnamon,2,15,tree,Indifferent,40.846332,-73.940369,POINT (-73.940369 40.846332),4
A-02-13,UPPER MANHATTAN,A,J. Hood Wright Park,02,1,White,2,20,tree,Indifferent,40.846332,-73.940369,POINT (-73.940369 40.846332),0
A-02-14,UPPER MANHATTAN,A,J. Hood Wright Park,02,1,Gray,1,NA,NA,Indifferent,40.846332,-73.940369,POINT (-73.940369 40.846332),1
A-02-15,UPPER MANHATTAN,A,J. Hood Wright Park,02,1,White,1,NA,NA,Indifferent,40.846458,-73.94103,POINT (-73.94103 40.846458),1
A-02-16,UPPER MANHATTAN,A,J. Hood Wright Park,02,1,Cinnamon,2,20,tree,Indifferent,40.846417,-73.941115,POINT (-73.941115 40.846417),2
A-02-17,UPPER MANHATTAN,A,J. Hood Wright Park,02,1,Gray,1,NA,NA,Indifferent,40.846296,-73.941132,POINT (-73.941132 40.846296),1
A-02-18,UPPER MANHATTAN,A,J. Hood Wright Park,02,1,Cinnamon,1,NA,NA,Indifferent,40.846064,-73.941497,POINT (-73.941497 40.846064),3
A-02-19,UPPER MANHATTAN,A,J. Hood Wright Park,02,1,Cinnamon,2,2,tree,Indifferent,40.846065,-73.941498,POINT (-73.941498 40.846065),4
A-02-20,UPPER MANHATTAN,A,J. Hood Wright Park,02,1,Cinnamon,1,NA,NA,Indifferent,40.847296,-73.942061,POINT (-73.942061 40.847296),3
A-02-21,UPPER MANHATTAN,A,J. Hood Wright Park,02,1,Cinnamon,1,NA,NA,Runs From,40.847259,-73.941598,POINT (-73.941598 40.847259),3
A-02-22,UPPER MANHATTAN,A,J. Hood Wright Park,02,1,Cinnamon,1,NA,NA,Indifferent,40.84719,-73.941308,POINT (-73.941308 40.84719),3
A-02-23,UPPER MANHATTAN,A,J. Hood Wright Park,02,1,Cinnamon,2,2,fence,Indifferent,40.84719,-73.941308,POINT (-73.941308 40.84719),2
A-02-24,UPPER MANHATTAN,A,J. Hood Wright Park,02,2,White,2,20,tree,Indifferent,40.847113,-73.940937,POINT (-73.940937 40.847113),0
A-03-01,UPPER MANHATTAN,A,Highbridge Park,03,1,Cinnamon,2,2,in tree,Watches us from tree,40.841178,-73.935482,POINT (-73.935482 40.841178),5
A-03-02,UPPER MANHATTAN,A,Highbridge Park,03,1,White,2,2,in tree,Runs From,40.841204,-73.935434,POINT (-73.935434 40.841204),5
A-03-03,UPPER MANHATTAN,A,Highbridge Park,03,1,White,2,2,in tree,NA,40.841212,-73.934827,POINT (-73.934827 40.841212),1
A-03-04,UPPER MANHATTAN,A,Highbridge Park,03,1,White,2,3,NA,NA,40.841217,-73.934714,POINT (-73.934714 40.841217),4
A-03-05,UPPER MANHATTAN,A,Highbridge Park,03,1,Cinnamon,1,NA,NA,Runs From,40.841359,-73.934339,POINT (-73.934339 40.841359),1
A-03-06,UPPER MANHATTAN,A,Highbridge Park,03,1,Gray,2,2,in tree,"Runs From, watchful",40.841375,-73.934242,POINT (-73.934242 40.841375),1
A-03-07,UPPER MANHATTAN,A,Highbridge Park,03,1,Cinnamon,2,< 1,on log,Runs From,40.841375,-73.934242,POINT (-73.934242 40.841375),1
A-03-08,UPPER MANHATTAN,A,Highbridge Park,03,1,Cinnamon,2,3,in wall,Runs From,40.842308,-73.933061,POINT (-73.933061 40.842308),1
A-03-09,UPPER MANHATTAN,A,Highbridge Park,03,1,Cinnamon,2,3,in wall,NA,40.842401,-73.932986,POINT (-73.932986 40.842401),0
A-03-10,UPPER MANHATTAN,A,Highbridge Park,03,1,Cinnamon,1,6‰ÛÒ18,"Started on ground, climbed 6‰ÛÒ18 ft.",Watching us from tree - very interested in us,40.842511,-73.932916,POINT (-73.932916 40.842511),4
A-03-11,UPPER MANHATTAN,A,Highbridge Park,03,1,Cinnamon,2,4,NA,"Approaches, watching us",40.842673,-73.932793,POINT (-73.932793 40.842673),0
A-03-12,UPPER MANHATTAN,A,Highbridge Park,03,1,White,1,NA,NA,Runs From,40.842795,-73.933002,POINT (-73.933002 40.842795),1
A-03-13,UPPER MANHATTAN,A,Highbridge Park,03,1,Cinnamon,1,NA,NA,NA,NA,NA,NA,1
A-03-14,UPPER MANHATTAN,A,Highbridge Park,03,1,Cinnamon,1,NA,NA,"Runs From, watches us in short tree",40.842327,-73.934269,POINT (-73.934269 40.842327),1
A-03-15,UPPER MANHATTAN,A,Highbridge Park,03,1,Cinnamon,2,9,in tree,NA,40.842359,-73.934177,POINT (-73.934177 40.842359),0
A-03-16,UPPER MANHATTAN,A,Highbridge Park,03,1,Cinnamon,1,NA,NA,Indifferent,40.842769,-73.934478,POINT (-73.934478 40.842769),2
A-04-01,UPPER MANHATTAN,A,St. Nicholas Park,04,1,White,2,NA,NA,Indifferent,40.817593,-73.948855,POINT (-73.948855 40.817593),4
A-04-02,UPPER MANHATTAN,A,St. Nicholas Park,04,3,Black,1,NA,NA,Indifferent,40.817719,-73.948855,POINT (-73.948855 40.817719),3
A-04-03,UPPER MANHATTAN,A,St. Nicholas Park,04,1,White,1,NA,NA,Indifferent,40.817719,-73.948914,POINT (-73.948914 40.817719),2
A-04-04,UPPER MANHATTAN,A,St. Nicholas Park,04,1,White,1,NA,NA,Indifferent,40.817711,-73.949118,POINT (-73.949118 40.817711),3
A-04-05,UPPER MANHATTAN,A,St. Nicholas Park,04,1,White,1,NA,NA,Indifferent,40.817569,-73.948931,POINT (-73.948931 40.817569),4
A-04-06,UPPER MANHATTAN,A,St. Nicholas Park,04,1,Gray,2,NA,NA,Indifferent,40.817544,-73.949016,POINT (-73.949016 40.817544),5
A-04-07,UPPER MANHATTAN,A,St. Nicholas Park,04,1,Gray,2,NA,NA,Indifferent,40.817544,-73.949016,POINT (-73.949016 40.817544),5
A-04-08,UPPER MANHATTAN,A,St. Nicholas Park,04,1,White,1,NA,NA,Runs From,40.817479,-73.949006,POINT (-73.949006 40.817479),1
A-04-09,UPPER MANHATTAN,A,St. Nicholas Park,04,1,White,1,NA,NA,Indifferent,40.816685,-73.949689,POINT (-73.949689 40.816685),3
A-04-10,UPPER MANHATTAN,A,St. Nicholas Park,04,1,Gray,1,NA,NA,Indifferent,40.816677,-73.949549,POINT (-73.949549 40.816677),3
A-04-11,UPPER MANHATTAN,A,St. Nicholas Park,04,3,Black,1,NA,NA,Indifferent,40.816555,-73.949609,POINT (-73.949609 40.816555),3
A-04-12,UPPER MANHATTAN,A,St. Nicholas Park,04,1,White,1,NA,NA,Indifferent,40.816506,-73.949587,POINT (-73.949587 40.816506),3
A-04-13,UPPER MANHATTAN,A,St. Nicholas Park,04,1,White,1,NA,NA,Indifferent,40.816425,-73.949474,POINT (-73.949474 40.816425),1
A-04-14,UPPER MANHATTAN,A,St. Nicholas Park,04,1,Gray,1,NA,NA,Indifferent,40.818308,-73.948952,POINT (-73.948952 40.818308),3
A-04-15,UPPER MANHATTAN,A,St. Nicholas Park,04,1,Black,1,NA,NA,Indifferent,40.818263,-73.948909,POINT (-73.948909 40.818263),3
A-05-01,UPPER MANHATTAN,A,Riverside Park (Section Near Grant Memorial),05,1,Gray,1,NA,NA,Runs From,NA,NA,NA,1
A-05-02,UPPER MANHATTAN,A,Riverside Park (Section Near Grant Memorial),05,1,Gray,1,NA,NA,Runs From,NA,NA,NA,1
A-05-03,UPPER MANHATTAN,A,Riverside Park (Section Near Grant Memorial),05,1,Gray,1,NA,NA,Indifferent,NA,NA,NA,1
A-05-04,UPPER MANHATTAN,A,Riverside Park (Section Near Grant Memorial),05,1,Gray,1,NA,NA,Indifferent,NA,NA,NA,5
A-05-05,UPPER MANHATTAN,A,Riverside Park (Section Near Grant Memorial),05,1,Gray,1,NA,NA,NA,NA,NA,NA,5
A-05-06,UPPER MANHATTAN,A,Riverside Park (Section Near Grant Memorial),05,1,Gray,2,15,NA,Indifferent,NA,NA,NA,0
A-05-07,UPPER MANHATTAN,A,Riverside Park (Section Near Grant Memorial),05,1,Gray,1,NA,NA,Indifferent,NA,NA,NA,1
A-05-08,UPPER MANHATTAN,A,Riverside Park (Section Near Grant Memorial),05,1,Gray,1,NA,NA,Indifferent,NA,NA,NA,2
A-05-09,UPPER MANHATTAN,A,Riverside Park (Section Near Grant Memorial),05,1,Gray,1,NA,NA,Indifferent,NA,NA,NA,2
A-05-10,UPPER MANHATTAN,A,Riverside Park (Section Near Grant Memorial),05,1,Gray,1,NA,NA,Indifferent,NA,NA,NA,2
A-05-11,UPPER MANHATTAN,A,Riverside Park (Section Near Grant Memorial),05,1,Gray,1,NA,NA,Indifferent,NA,NA,NA,2
A-05-12,UPPER MANHATTAN,A,Riverside Park (Section Near Grant Memorial),05,1,Gray,1,NA,NA,Indifferent,NA,NA,NA,2
A-05-13,UPPER MANHATTAN,A,Riverside Park (Section Near Grant Memorial),05,1,Gray,1,NA,NA,Indifferent,NA,NA,NA,2
A-05-14,UPPER MANHATTAN,A,Riverside Park (Section Near Grant Memorial),05,1,Gray,1,NA,NA,Indifferent,NA,NA,NA,2
A-05-15,UPPER MANHATTAN,A,Riverside Park (Section Near Grant Memorial),05,1,Gray,1,NA,NA,Indifferent,NA,NA,NA,5
A-05-16,UPPER MANHATTAN,A,Riverside Park (Section Near Grant Memorial),05,1,Gray,1,NA,NA,Indifferent,NA,NA,NA,5
A-05-17,UPPER MANHATTAN,A,Riverside Park (Section Near Grant Memorial),05,1,Gray,1,NA,NA,Okay with people,NA,NA,NA,2
A-05-18,UPPER MANHATTAN,A,Riverside Park (Section Near Grant Memorial),05,1,Gray,1,NA,NA,Indifferent,NA,NA,NA,1
A-05-19,UPPER MANHATTAN,A,Riverside Park (Section Near Grant Memorial),05,1,Gray,2,NA,Tree,Indifferent,NA,NA,NA,1
A-05-20,UPPER MANHATTAN,A,Riverside Park (Section Near Grant Memorial),05,1,Gray,1,NA,NA,Indifferent,NA,NA,NA,1
A-05-21,UPPER MANHATTAN,A,Riverside Park (Section Near Grant Memorial),05,1,Gray,1,NA,at tree,Indifferent,NA,NA,NA,0
A-05-22,UPPER MANHATTAN,A,Riverside Park (Section Near Grant Memorial),05,1,Gray,1,NA,NA,NA,NA,NA,NA,5
A-05-23,UPPER MANHATTAN,A,Riverside Park (Section Near Grant Memorial),05,1,Gray,1,NA,NA,NA,NA,NA,NA,5
A-05-24,UPPER MANHATTAN,A,Riverside Park (Section Near Grant Memorial),05,1,Gray,0,NA,NA,NA,NA,NA,NA,0
A-05-25,UPPER MANHATTAN,A,Riverside Park (Section Near Grant Memorial),05,1,Gray,1,NA,NA,Indifferent,NA,NA,NA,2
A-05-26,UPPER MANHATTAN,A,Riverside Park (Section Near Grant Memorial),05,1,Gray,1,NA,NA,Indifferent,NA,NA,NA,2
A-05-27,UPPER MANHATTAN,A,Riverside Park (Section Near Grant Memorial),05,1,Gray,1,NA,NA,Indifferent,NA,NA,NA,3
A-05-28,UPPER MANHATTAN,A,Riverside Park (Section Near Grant Memorial),05,1,Gray,1,NA,NA,Indifferent,NA,NA,NA,3
A-06-01,UPPER MANHATTAN,A,Marcus Garvey Park,06,1,Gray,2,20‰ÛÒ40,NA,Indifferent,40.804912,-73.943735,POINT (-73.943735 40.804912),4
A-06-02,UPPER MANHATTAN,A,Marcus Garvey Park,06,1,Gray,2,20‰ÛÒ40,NA,Indifferent,40.804912,-73.943736,POINT (-73.943736 40.804912),4
A-06-03,UPPER MANHATTAN,A,Marcus Garvey Park,06,1,Gray,2,20‰ÛÒ40,NA,Indifferent,40.804913,-73.943735,POINT (-73.943735 40.804913),4
A-06-04,UPPER MANHATTAN,A,Marcus Garvey Park,06,1,Gray,2,20‰ÛÒ40,NA,Indifferent,40.804915,-73.943737,POINT (-73.943737 40.804915),4
A-06-05,UPPER MANHATTAN,A,Marcus Garvey Park,06,1,Gray,2,20‰ÛÒ40,NA,Indifferent,40.804916,-73.943735,POINT (-73.943735 40.804916),4
A-06-06,UPPER MANHATTAN,A,Marcus Garvey Park,06,1,Gray,2,20‰ÛÒ40,NA,Indifferent,40.804914,-73.943736,POINT (-73.943736 40.804914),4
A-06-07,UPPER MANHATTAN,A,Marcus Garvey Park,06,1,Gray,2,20‰ÛÒ40,NA,Indifferent,40.804917,-73.943737,POINT (-73.943737 40.804917),4
A-06-08,UPPER MANHATTAN,A,Marcus Garvey Park,06,3,Black,2,25,NA,NA,40.804912,-73.943738,POINT (-73.943738 40.804912),4
A-06-09,UPPER MANHATTAN,A,Marcus Garvey Park,06,1,Gray,2,2‰ÛÒ6,small trees,Indifferent,40.804701,-73.944118,POINT (-73.944118 40.804701),5
A-06-10,UPPER MANHATTAN,A,Marcus Garvey Park,06,1,Gray,2,2‰ÛÒ6,small trees,Indifferent,40.804746,-73.94374,POINT (-73.94374 40.804746),5
A-06-11,UPPER MANHATTAN,A,Marcus Garvey Park,06,1,Gray,2,2‰ÛÒ6,small trees,Indifferent,40.804912,-73.94408,POINT (-73.94408 40.804912),5
A-06-12,UPPER MANHATTAN,A,Marcus Garvey Park,06,1,Gray,2,2‰ÛÒ6,small trees,Indifferent,40.804729,-73.944053,POINT (-73.944053 40.804729),5
A-06-13,UPPER MANHATTAN,A,Marcus Garvey Park,06,1,Gray,2,4...3...2...1,NA,NA,40.804713,-73.944032000000007,POINT (-73.944032 40.804713),4
A-06-14,UPPER MANHATTAN,A,Marcus Garvey Park,06,1,Gray,2,15,NA,NA,40.804613,-73.943829,POINT (-73.943829 40.804613),4
A-06-15,UPPER MANHATTAN,A,Marcus Garvey Park,06,1,Gray,2,15,NA,NA,40.804564,-73.943824,POINT (-73.943824 40.804564),4
A-06-16,UPPER MANHATTAN,A,Marcus Garvey Park,06,1,Gray,1,NA,NA,NA,40.804253,-73.944121,POINT (-73.944121 40.804253),1
A-06-17,UPPER MANHATTAN,A,Marcus Garvey Park,06,1,Gray,1,NA,NA,NA,40.803758,-73.94433,POINT (-73.94433 40.803758),1
A-06-18,UPPER MANHATTAN,A,Marcus Garvey Park,06,1,Gray,2,4,NA,Indifferent,40.803616,-73.944464,POINT (-73.944464 40.803616),0
A-06-19,UPPER MANHATTAN,A,Marcus Garvey Park,06,1,Gray,2,4,NA,Indifferent,40.803413,-73.944207,POINT (-73.944207 40.803413),0
A-06-20,UPPER MANHATTAN,A,Marcus Garvey Park,06,1,Gray,2,4,NA,Indifferent,40.80338,-73.944148,POINT (-73.944148 40.80338),0
A-06-21,UPPER MANHATTAN,A,Marcus Garvey Park,06,1,Gray,2,4,NA,Indifferent,40.803392,-73.944228,POINT (-73.944228 40.803392),0
A-06-22,UPPER MANHATTAN,A,Marcus Garvey Park,06,1,Gray,2,NA,NA,"Indifferent, Preoccupied by HAAWK",40.803794,-73.944003,POINT (-73.944003 40.803794),0
A-06-23,UPPER MANHATTAN,A,Marcus Garvey Park,06,1,Gray,2,NA,NA,"Indifferent, Preoccupied by HAAWK",40.803795,-73.944003,POINT (-73.944003 40.803795),0
A-06-24,UPPER MANHATTAN,A,Marcus Garvey Park,06,1,Gray,2,NA,NA,"Indifferent, Preoccupied by HAAWK",40.803794,-73.944004,POINT (-73.944004 40.803794),0
A-06-25,UPPER MANHATTAN,A,Marcus Garvey Park,06,1,Gray,2,NA,NA,"Indifferent, Preoccupied by HAAWK",40.803794,-73.944005,POINT (-73.944005 40.803794),0
A-06-26,UPPER MANHATTAN,A,Marcus Garvey Park,06,1,Gray,2,NA,NA,"Indifferent, Preoccupied by HAAWK",40.803796,-73.944003,POINT (-73.944003 40.803796),0
A-06-27,UPPER MANHATTAN,A,Marcus Garvey Park,06,1,Gray,2,NA,NA,"Indifferent, Preoccupied by HAAWK",40.803795,-73.944004,POINT (-73.944004 40.803795),0
A-06-28,UPPER MANHATTAN,A,Marcus Garvey Park,06,1,Gray,2,3,NA,Indifferent,40.80362,-73.944067,POINT (-73.944067 40.80362),2
A-06-29,UPPER MANHATTAN,A,Marcus Garvey Park,06,1,Gray,2,6,NA,Runs From,40.80352,-73.943629,POINT (-73.943629 40.80352),5
A-06-30,UPPER MANHATTAN,A,Marcus Garvey Park,06,1,Gray,2,6,NA,Runs From,40.803507,-73.943661,POINT (-73.943661 40.803507),5
A-06-31,UPPER MANHATTAN,A,Marcus Garvey Park,06,1,Gray,2,25,NA,NA,40.803981,-73.943327,POINT (-73.943327 40.803981),4
A-06-32,UPPER MANHATTAN,A,Marcus Garvey Park,06,1,Gray,2,25,NA,NA,40.804123,-73.943402,POINT (-73.943402 40.804123),4
A-06-33,UPPER MANHATTAN,A,Marcus Garvey Park,06,3,Cinnamon,2,25,NA,NA,40.803981,-73.943273,POINT (-73.943273 40.803981),0
A-06-34,UPPER MANHATTAN,A,Marcus Garvey Park,06,1,Gray,2,4,NA,Runs From,40.804878,-73.942781,POINT (-73.942781 40.804878),4
B-07-01,CENTRAL MANHATTAN,B,Madison Square Park,07,1,NA,1,NA,NA,Indifferent,40.74145,-73.987884,POINT (-73.987884 40.74145),3
B-07-02,CENTRAL MANHATTAN,B,Madison Square Park,07,1,NA,2,30,in a tree,NA,40.742255,-73.987433,POINT (-73.987433 40.742255),0
B-07-03,CENTRAL MANHATTAN,B,Madison Square Park,07,1,NA,1,NA,NA,Indifferent,40.742556,-73.986971,POINT (-73.986971 40.742556),3
B-07-04,CENTRAL MANHATTAN,B,Madison Square Park,07,1,NA,2,10,in tree,NA,40.742792,-73.987046,POINT (-73.987046 40.742792),0
B-07-05,CENTRAL MANHATTAN,B,Madison Square Park,07,1,NA,1,NA,Farragut Lawn,Indifferent,40.74288,-73.987663,POINT (-73.987663 40.74288),1
B-07-06,CENTRAL MANHATTAN,B,Madison Square Park,07,1,NA,2,15,in old tree (oval lawn),Indifferent,40.742421,-73.98808,POINT (-73.98808 40.742421),0
B-07-07,CENTRAL MANHATTAN,B,Madison Square Park,07,1,NA,2,20,in old tree (oval lawn),Indifferent,40.742421,-73.98808,POINT (-73.98808 40.742421),0
B-07-08,CENTRAL MANHATTAN,B,Madison Square Park,07,1,Cinnamon,1,NA,base of tree,Indifferent,40.742807,-73.988435,POINT (-73.988435 40.742807),3
B-07-09,CENTRAL MANHATTAN,B,Madison Square Park,07,1,NA,1,NA,base of tree,Indifferent,40.741528,-73.988324,POINT (-73.988324 40.741528),3
B-07-10,CENTRAL MANHATTAN,B,Madison Square Park,07,1,NA,2,10,in tree,Indifferent,40.741805,-73.988448,POINT (-73.988448 40.741805),4
B-07-11,CENTRAL MANHATTAN,B,Madison Square Park,07,1,NA,1,1,on bench,Indifferent,40.741862,-73.988797,POINT (-73.988797 40.741862),1
B-08-01,CENTRAL MANHATTAN,B,Union Square Park,08,2,Cinnamon,1,NA,NA,Friendly,40.735981,-73.99062,POINT (-73.99062 40.735981),4
B-08-02,CENTRAL MANHATTAN,B,Union Square Park,08,1,Gray,1,NA,NA,Indifferent,40.735847,-73.990115,POINT (-73.990115 40.735847),1
B-08-03,CENTRAL MANHATTAN,B,Union Square Park,08,2,NA,1,NA,NA,Indifferent,40.735896,-73.99041,POINT (-73.99041 40.735896),3
B-08-04,CENTRAL MANHATTAN,B,Union Square Park,08,1,NA,1,NA,NA,Indifferent,40.73579,-73.990738,POINT (-73.990738 40.73579),3
B-08-05,CENTRAL MANHATTAN,B,Union Square Park,08,1,NA,1,NA,NA,Indifferent,40.735941,-73.99063,POINT (-73.99063 40.735941),0
B-08-06,CENTRAL MANHATTAN,B,Union Square Park,08,1,NA,2,NA,in tree,NA,40.73566,-73.990351,POINT (-73.990351 40.73566),4
B-08-07,CENTRAL MANHATTAN,B,Union Square Park,08,1,Cinnamon,2,NA,in tree,NA,40.735636,-73.990426,POINT (-73.990426 40.735636),4
B-08-08,CENTRAL MANHATTAN,B,Union Square Park,08,1,Black,0,NA,NA,NA,40.73566,-73.990351,POINT (-73.990351 40.73566),4
B-08-09,CENTRAL MANHATTAN,B,Union Square Park,08,1,NA,0,NA,NA,Runs From,40.735587,-73.990367,POINT (-73.990367 40.735587),1
B-08-10,CENTRAL MANHATTAN,B,Union Square Park,08,1,NA,1,NA,NA,"Indifferent, Staring",40.73542,-73.990453,POINT (-73.990453 40.73542),2
B-08-11,CENTRAL MANHATTAN,B,Union Square Park,08,2,NA,1,NA,NA,"Indifferent, Runs From (kids)",40.735514,-73.99033,POINT (-73.99033 40.735514),3
B-08-12,CENTRAL MANHATTAN,B,Union Square Park,08,1,NA,1,NA,NA,NA,40.735945,-73.990201,POINT (-73.990201 40.735945),2
B-08-13,CENTRAL MANHATTAN,B,Union Square Park,08,2,NA,0,NA,NA,NA,40.735947,-73.99023,POINT (-73.99023 40.735947),3
B-08-14,CENTRAL MANHATTAN,B,Union Square Park,08,1,NA,1,NA,NA,NA,40.73604,-73.98966,POINT (-73.98966 40.73604),2
B-08-15,CENTRAL MANHATTAN,B,Union Square Park,08,1,NA,1,NA,NA,NA,40.73618,-73.990683,POINT (-73.990683 40.73618),2
B-08-16,CENTRAL MANHATTAN,B,Union Square Park,08,2,NA,1,NA,NA,NA,40.736298,-73.990559,POINT (-73.990559 40.736298),2
B-09-01,CENTRAL MANHATTAN,B,Stuyvesant Square Park,09,1,Cinnamon,1,NA,NA,Indifferent,40.733753,-73.983682,POINT (-73.983682 40.733753),3
B-09-02,CENTRAL MANHATTAN,B,Stuyvesant Square Park,09,1,Cinnamon,1,NA,NA,Indifferent,40.733648,-73.983483,POINT (-73.983483 40.733648),3
B-09-03,CENTRAL MANHATTAN,B,Stuyvesant Square Park,09,1,Cinnamon,1,NA,NA,Indifferent,40.733631,-73.983419,POINT (-73.983419 40.733631),3
B-09-04,CENTRAL MANHATTAN,B,Stuyvesant Square Park,09,1,Cinnamon,1,NA,NA,Runs From,40.733546,-73.983263,POINT (-73.983263 40.733546),4
B-09-05,CENTRAL MANHATTAN,B,Stuyvesant Square Park,09,1,Cinnamon,2,30,NA,NA,40.733591,-73.983263,POINT (-73.983263 40.733591),4
B-09-06,CENTRAL MANHATTAN,B,Stuyvesant Square Park,09,1,Cinnamon,2,15,NA,Indifferent,40.733648,-73.984294,POINT (-73.984294 40.733648),4
B-09-07,CENTRAL MANHATTAN,B,Stuyvesant Square Park,09,1,Cinnamon,1,NA,NA,Approaches,40.733737,-73.98438,POINT (-73.98438 40.733737),3
B-09-08,CENTRAL MANHATTAN,B,Stuyvesant Square Park,09,1,Cinnamon,1,NA,NA,Indifferent,40.733501,-73.984417,POINT (-73.984417 40.733501),5
B-09-09,CENTRAL MANHATTAN,B,Stuyvesant Square Park,09,1,Cinnamon,1,NA,NA,Indifferent,40.733575,-73.984391,POINT (-73.984391 40.733575),5
B-09-10,CENTRAL MANHATTAN,B,Stuyvesant Square Park,09,1,Cinnamon,1,NA,NA,Approaches,40.733506,-73.984553,POINT (-73.984553 40.733506),3
B-09-11,CENTRAL MANHATTAN,B,Stuyvesant Square Park,09,1,Cinnamon,2,20,NA,Indifferent,40.733619,-73.984708,POINT (-73.984708 40.733619),4
B-09-12,CENTRAL MANHATTAN,B,Stuyvesant Square Park,09,1,Cinnamon,2,20,NA,Indifferent,40.733648,-73.984638,POINT (-73.984638 40.733648),5
B-09-13,CENTRAL MANHATTAN,B,Stuyvesant Square Park,09,1,Cinnamon,2,40,NA,NA,40.733737,-73.984644,POINT (-73.984644 40.733737),2
B-09-14,CENTRAL MANHATTAN,B,Stuyvesant Square Park,09,3,Cinnamon,2,10,NA,Approaches,40.733932,-73.984612,POINT (-73.984612 40.733932),2
B-09-15,CENTRAL MANHATTAN,B,Stuyvesant Square Park,09,3,Cinnamon,2,30,NA,NA,40.734014,-73.984461,POINT (-73.984461 40.734014),2
B-09-16,CENTRAL MANHATTAN,B,Stuyvesant Square Park,09,3,Cinnamon,2,60,in tree,NA,40.734221,-73.984397,POINT (-73.984397 40.734221),0
B-09-17,CENTRAL MANHATTAN,B,Stuyvesant Square Park,09,1,Cinnamon,2,15,in tree,NA,40.734083,-73.984322,POINT (-73.984322 40.734083),2
B-09-18,CENTRAL MANHATTAN,B,Stuyvesant Square Park,09,1,Cinnamon,1,NA,NA,Indifferent,40.73403,-73.984199,POINT (-73.984199 40.73403),3
B-09-19,CENTRAL MANHATTAN,B,Stuyvesant Square Park,09,3,Cinnamon,2,40,in tree,NA,40.734204,-73.984242,POINT (-73.984242 40.734204),0
B-09-20,CENTRAL MANHATTAN,B,Stuyvesant Square Park,09,1,Cinnamon,1,NA,NA,Indifferent,40.734314,-73.984231,POINT (-73.984231 40.734314),3
B-09-21,CENTRAL MANHATTAN,B,Stuyvesant Square Park,09,1,Cinnamon,2,30,in tree,NA,40.734261,-73.984284,POINT (-73.984284 40.734261),0
B-09-22,CENTRAL MANHATTAN,B,Stuyvesant Square Park,09,1,Cinnamon,2,30,in tree,NA,40.734144,-73.984059,POINT (-73.984059 40.734144),0
B-09-23,CENTRAL MANHATTAN,B,Stuyvesant Square Park,09,1,Cinnamon,1,NA,NA,Indifferent,40.734335,-73.984038,POINT (-73.984038 40.734335),3
B-09-24,CENTRAL MANHATTAN,B,Stuyvesant Square Park,09,3,Cinnamon,1,NA,NA,Indifferent,40.734383,-73.984118,POINT (-73.984118 40.734383),3
B-09-25,CENTRAL MANHATTAN,B,Stuyvesant Square Park,09,3,Cinnamon,1,NA,NA,Indifferent,40.734356,-73.984062,POINT (-73.984062 40.734356),3
B-10-01,CENTRAL MANHATTAN,B,Washington Square Park,10,1,Gray,1,NA,NA,Indifferent,40.730703,-73.995821,POINT (-73.995821 40.730703),3
B-10-02,CENTRAL MANHATTAN,B,Washington Square Park,10,1,Gray,1,NA,NA,Indifferent,40.730638,-73.995784,POINT (-73.995784 40.730638),3
B-10-03,CENTRAL MANHATTAN,B,Washington Square Park,10,1,Gray,1,NA,NA,Indifferent,40.730528,-73.995891,POINT (-73.995891 40.730528),3
B-10-04,CENTRAL MANHATTAN,B,Washington Square Park,10,1,Gray,1,NA,NA,Indifferent,40.730394,-73.996009,POINT (-73.996009 40.730394),3
B-10-05,CENTRAL MANHATTAN,B,Washington Square Park,10,1,NA,0,NA,NA,Indifferent,40.730341,-73.996052,POINT (-73.996052 40.730341),0
B-10-06,CENTRAL MANHATTAN,B,Washington Square Park,10,1,NA,0,NA,NA,Indifferent,40.7303,-73.996106,POINT (-73.996106 40.7303),0
B-10-07,CENTRAL MANHATTAN,B,Washington Square Park,10,1,NA,0,NA,NA,Indifferent,40.730247,-73.996175,POINT (-73.996175 40.730247),0
B-10-08,CENTRAL MANHATTAN,B,Washington Square Park,10,1,NA,0,NA,NA,Indifferent,40.730231,-73.996138,POINT (-73.996138 40.730231),0
B-10-09,CENTRAL MANHATTAN,B,Washington Square Park,10,1,Gray,1,NA,NA,Indifferent,40.730223,-73.996132,POINT (-73.996132 40.730223),3
B-10-10,CENTRAL MANHATTAN,B,Washington Square Park,10,1,NA,0,NA,NA,Indifferent,40.730077,-73.996277,POINT (-73.996277 40.730077),0
B-10-11,CENTRAL MANHATTAN,B,Washington Square Park,10,1,Gray,2,20,NA,Indifferent,NA,NA,NA,0
B-10-12,CENTRAL MANHATTAN,B,Washington Square Park,10,1,Gray,2,25,NA,Indifferent,NA,NA,NA,4
B-10-13,CENTRAL MANHATTAN,B,Washington Square Park,10,1,NA,1,NA,NA,Indifferent,NA,NA,NA,5
B-10-14,CENTRAL MANHATTAN,B,Washington Square Park,10,1,NA,2,15,in tree,Indifferent,NA,NA,NA,2
B-10-15,CENTRAL MANHATTAN,B,Washington Square Park,10,1,NA,0,NA,NA,Indifferent,40.729858,-73.996843,POINT (-73.996843 40.729858),5
B-10-16,CENTRAL MANHATTAN,B,Washington Square Park,10,1,NA,0,NA,NA,Indifferent,40.72985,-73.996778,POINT (-73.996778 40.72985),5
B-10-17,CENTRAL MANHATTAN,B,Washington Square Park,10,1,NA,0,NA,NA,Indifferent,40.729822,-73.996816,POINT (-73.996816 40.729822),5
B-10-18,CENTRAL MANHATTAN,B,Washington Square Park,10,1,NA,0,NA,NA,Indifferent,40.729809,-73.996762,POINT (-73.996762 40.729809),5
B-10-19,CENTRAL MANHATTAN,B,Washington Square Park,10,1,NA,0,NA,NA,Indifferent,40.729939,-73.997068,POINT (-73.997068 40.729939),5
B-10-20,CENTRAL MANHATTAN,B,Washington Square Park,10,1,NA,1,NA,NA,Indifferent,40.729976,-73.997154,POINT (-73.997154 40.729976),0
B-10-21,CENTRAL MANHATTAN,B,Washington Square Park,10,1,NA,1,NA,NA,Indifferent,40.72996,-73.997079,POINT (-73.997079 40.72996),0
B-10-22,CENTRAL MANHATTAN,B,Washington Square Park,10,1,NA,1,NA,NA,Indifferent,40.729927000000004,-73.997036,POINT (-73.997036 40.729927),0
B-10-23,CENTRAL MANHATTAN,B,Washington Square Park,10,1,NA,1,NA,NA,Indifferent,40.729988,-73.997106,POINT (-73.997106 40.729988),0
B-10-24,CENTRAL MANHATTAN,B,Washington Square Park,10,1,NA,1,NA,NA,Indifferent,40.72998,-73.997031,POINT (-73.997031 40.72998),0
B-10-25,CENTRAL MANHATTAN,B,Washington Square Park,10,1,NA,0,NA,NA,Indifferent,40.730318,-73.997213,POINT (-73.997213 40.730318),0
B-10-26,CENTRAL MANHATTAN,B,Washington Square Park,10,1,NA,0,NA,NA,Indifferent,40.730301,-73.997251,POINT (-73.997251 40.730301),0
B-10-27,CENTRAL MANHATTAN,B,Washington Square Park,10,1,NA,0,NA,NA,Indifferent,40.730334,-73.997589,POINT (-73.997589 40.730334),0
B-10-28,CENTRAL MANHATTAN,B,Washington Square Park,10,1,NA,0,NA,NA,Indifferent,40.730411,-73.997589,POINT (-73.997589 40.730411),0
B-10-29,CENTRAL MANHATTAN,B,Washington Square Park,10,1,NA,0,NA,NA,Indifferent,40.730395,-73.997535,POINT (-73.997535 40.730395),0
B-10-30,CENTRAL MANHATTAN,B,Washington Square Park,10,1,NA,2,NA,tree,Indifferent,40.730411,-73.997766,POINT (-73.997766 40.730411),0
B-10-31,CENTRAL MANHATTAN,B,Washington Square Park,10,1,NA,0,NA,NA,Indifferent,40.731031,-73.999122,POINT (-73.999122 40.731031),0
B-10-32,CENTRAL MANHATTAN,B,Washington Square Park,10,1,NA,2,NA,in tree high,Indifferent,40.731504,-73.998977,POINT (-73.998977 40.731504),0
B-10-33,CENTRAL MANHATTAN,B,Washington Square Park,10,1,NA,2,NA,in tree high,Indifferent,40.731548,-73.998842,POINT (-73.998842 40.731548),0
B-10-34,CENTRAL MANHATTAN,B,Washington Square Park,10,1,NA,2,NA,in tree high,Indifferent,40.731608,-73.998928,POINT (-73.998928 40.731608),0
B-10-35,CENTRAL MANHATTAN,B,Washington Square Park,10,1,NA,2,NA,in tree high,Indifferent,40.731503,-73.999014,POINT (-73.999014 40.731503),0
B-10-36,CENTRAL MANHATTAN,B,Washington Square Park,10,1,NA,2,NA,"tree canopy, low down",Indifferent,40.731552,-73.998788,POINT (-73.998788 40.731552),0
B-10-37,CENTRAL MANHATTAN,B,Washington Square Park,10,1,NA,2,NA,tree high,Indifferent,40.731952,-73.998647,POINT (-73.998647 40.731952),0
B-10-38,CENTRAL MANHATTAN,B,Washington Square Park,10,1,NA,2,NA,tree high,Indifferent,40.731936,-73.998598,POINT (-73.998598 40.731936),0
B-10-39,CENTRAL MANHATTAN,B,Washington Square Park,10,1,NA,2,NA,tree low,Indifferent,40.732001,-73.998491,POINT (-73.998491 40.732001),0
B-10-40,CENTRAL MANHATTAN,B,Washington Square Park,10,1,NA,1,NA,NA,Indifferent,40.731974,-73.998482,POINT (-73.998482 40.731974),3
B-10-41,CENTRAL MANHATTAN,B,Washington Square Park,10,1,NA,0,NA,NA,Indifferent,40.731861,-73.998122,POINT (-73.998122 40.731861),0
B-10-42,CENTRAL MANHATTAN,B,Washington Square Park,10,1,NA,0,NA,NA,Indifferent,40.731804,-73.997999,POINT (-73.997999 40.731804),0
B-10-43,CENTRAL MANHATTAN,B,Washington Square Park,10,1,NA,2,NA,tree,Indifferent,40.731747,-73.997859,POINT (-73.997859 40.731747),0
B-10-44,CENTRAL MANHATTAN,B,Washington Square Park,10,1,NA,2,NA,tree,Indifferent,40.731665,-73.997747,POINT (-73.997747 40.731665),0
B-10-45,CENTRAL MANHATTAN,B,Washington Square Park,10,1,NA,2,NA,tree,Indifferent,40.731548,-73.99758,POINT (-73.99758 40.731548),0
B-10-46,CENTRAL MANHATTAN,B,Washington Square Park,10,1,NA,2,NA,tree high,Indifferent,40.731389,-73.997231,POINT (-73.997231 40.731389),0
B-10-47,CENTRAL MANHATTAN,B,Washington Square Park,10,1,NA,0,NA,NA,Indifferent,40.7312,-73.996805,POINT (-73.996805 40.7312),0
B-10-48,CENTRAL MANHATTAN,B,Washington Square Park,10,1,NA,2,NA,small tree,Indifferent,40.731119,-73.996655,POINT (-73.996655 40.731119),0
B-10-49,CENTRAL MANHATTAN,B,Washington Square Park,10,1,NA,0,NA,on bench,Indifferent,40.731103,-73.996601,POINT (-73.996601 40.731103),0
B-10-50,CENTRAL MANHATTAN,B,Washington Square Park,10,1,NA,0,NA,NA,Indifferent,40.73092,-73.996242,POINT (-73.996242 40.73092),0
B-10-51,CENTRAL MANHATTAN,B,Washington Square Park,10,1,NA,0,NA,NA,Indifferent,40.730782,-73.996017,POINT (-73.996017 40.730782),0
B-11-01,CENTRAL MANHATTAN,B,Tompkins Square Park,11,1,Gray,0,NA,Tree,Runs From,NA,NA,NA,4
B-11-02,CENTRAL MANHATTAN,B,Tompkins Square Park,11,1,Gray,1,NA,NA,Indifferent,NA,NA,NA,3
B-11-03,CENTRAL MANHATTAN,B,Tompkins Square Park,11,3,Black,1,NA,NA,Indifferent,NA,NA,NA,3
B-11-04,CENTRAL MANHATTAN,B,Tompkins Square Park,11,1,Gray,1,NA,NA,Indifferent,NA,NA,NA,3
B-11-05,CENTRAL MANHATTAN,B,Tompkins Square Park,11,1,Gray,1,NA,NA,Indifferent,NA,NA,NA,1
B-11-06,CENTRAL MANHATTAN,B,Tompkins Square Park,11,1,Gray,1,NA,NA,Indifferent,NA,NA,NA,3
B-11-07,CENTRAL MANHATTAN,B,Tompkins Square Park,11,1,Gray,1,NA,NA,Indifferent,NA,NA,NA,3
B-11-08,CENTRAL MANHATTAN,B,Tompkins Square Park,11,1,Gray,2,20,NA,Indifferent,NA,NA,NA,4
B-11-09,CENTRAL MANHATTAN,B,Tompkins Square Park,11,1,Gray,1,NA,NA,Indifferent,NA,NA,NA,3
B-11-10,CENTRAL MANHATTAN,B,Tompkins Square Park,11,1,Gray,2,30,NA,Indifferent,NA,NA,NA,5
B-11-11,CENTRAL MANHATTAN,B,Tompkins Square Park,11,1,Gray,2,30,NA,Indifferent,NA,NA,NA,5
B-11-12,CENTRAL MANHATTAN,B,Tompkins Square Park,11,1,Gray,1,NA,NA,Indifferent,NA,NA,NA,3
B-11-13,CENTRAL MANHATTAN,B,Tompkins Square Park,11,1,Gray,1,NA,NA,Indifferent,NA,NA,NA,3
B-11-14,CENTRAL MANHATTAN,B,Tompkins Square Park,11,1,Gray,1,NA,NA,NA,NA,NA,NA,3
B-11-15,CENTRAL MANHATTAN,B,Tompkins Square Park,11,1,Gray,0,NA,Tree,Indifferent,NA,NA,NA,4
B-11-16,CENTRAL MANHATTAN,B,Tompkins Square Park,11,1,Gray,0,NA,Tree,Indifferent,NA,NA,NA,4
B-11-17,CENTRAL MANHATTAN,B,Tompkins Square Park,11,1,Gray,0,NA,Tree,Indifferent,NA,NA,NA,4
B-11-18,CENTRAL MANHATTAN,B,Tompkins Square Park,11,1,Gray,0,NA,Tree,Indifferent,NA,NA,NA,4
B-11-19,CENTRAL MANHATTAN,B,Tompkins Square Park,11,1,Gray,1,NA,NA,Indifferent,NA,NA,NA,3
B-11-20,CENTRAL MANHATTAN,B,Tompkins Square Park,11,1,Gray,1,NA,NA,Indifferent,NA,NA,NA,3
B-11-21,CENTRAL MANHATTAN,B,Tompkins Square Park,11,1,Gray,0,NA,Tree,Indifferent,NA,NA,NA,4
B-11-22,CENTRAL MANHATTAN,B,Tompkins Square Park,11,1,Gray,0,NA,Tree,Indifferent,NA,NA,NA,0
B-11-23,CENTRAL MANHATTAN,B,Tompkins Square Park,11,1,Gray,0,NA,Tree,Indifferent,NA,NA,NA,0
B-11-24,CENTRAL MANHATTAN,B,Tompkins Square Park,11,1,Gray,0,NA,Tree,Approaches,NA,NA,NA,0
B-11-25,CENTRAL MANHATTAN,B,Tompkins Square Park,11,1,Gray,1,NA,NA,Approaches,NA,NA,NA,3
B-11-26,CENTRAL MANHATTAN,B,Tompkins Square Park,11,1,Gray,1,NA,NA,Approaches,NA,NA,NA,3
B-11-27,CENTRAL MANHATTAN,B,Tompkins Square Park,11,1,Gray,1,NA,NA,Approaches,NA,NA,NA,3
B-11-28,CENTRAL MANHATTAN,B,Tompkins Square Park,11,1,Gray,1,NA,NA,Approaches,NA,NA,NA,3
B-11-29,CENTRAL MANHATTAN,B,Tompkins Square Park,11,1,Gray,1,NA,NA,Approaches,NA,NA,NA,3
B-11-30,CENTRAL MANHATTAN,B,Tompkins Square Park,11,1,Gray,1,NA,NA,Approaches,NA,NA,NA,3
B-11-31,CENTRAL MANHATTAN,B,Tompkins Square Park,11,1,Gray,1,NA,NA,NA,NA,NA,NA,1
B-11-32,CENTRAL MANHATTAN,B,Tompkins Square Park,11,1,Gray,1,NA,NA,Approaches,NA,NA,NA,3
B-11-33,CENTRAL MANHATTAN,B,Tompkins Square Park,11,1,Gray,0,NA,Tree,Approaches,NA,NA,NA,0
B-11-34,CENTRAL MANHATTAN,B,Tompkins Square Park,11,1,Gray,0,NA,Tree,Approaches,NA,NA,NA,4
B-11-35,CENTRAL MANHATTAN,B,Tompkins Square Park,11,1,Gray,1,NA,NA,Indifferent,NA,NA,NA,3
B-11-36,CENTRAL MANHATTAN,B,Tompkins Square Park,11,1,Gray,0,NA,Tree,Indifferent,NA,NA,NA,4
B-11-37,CENTRAL MANHATTAN,B,Tompkins Square Park,11,1,Gray,0,NA,Tree,Indifferent,NA,NA,NA,4
B-11-38,CENTRAL MANHATTAN,B,Tompkins Square Park,11,1,Gray,1,NA,NA,Indifferent,NA,NA,NA,3
B-11-39,CENTRAL MANHATTAN,B,Tompkins Square Park,11,1,Gray,1,NA,NA,Indifferent,NA,NA,NA,3
B-11-40,CENTRAL MANHATTAN,B,Tompkins Square Park,11,1,Gray,1,NA,NA,Indifferent,NA,NA,NA,3
B-11-41,CENTRAL MANHATTAN,B,Tompkins Square Park,11,1,Gray,1,NA,NA,Indifferent,NA,NA,NA,3
B-11-42,CENTRAL MANHATTAN,B,Tompkins Square Park,11,1,Gray,1,NA,NA,Indifferent,NA,NA,NA,3
B-11-43,CENTRAL MANHATTAN,B,Tompkins Square Park,11,1,Gray,1,NA,NA,Indifferent,NA,NA,NA,3
B-11-44,CENTRAL MANHATTAN,B,Tompkins Square Park,11,1,Gray,1,NA,NA,Indifferent,NA,NA,NA,3
B-11-45,CENTRAL MANHATTAN,B,Tompkins Square Park,11,1,Gray,1,NA,NA,Indifferent,NA,NA,NA,3
B-11-46,CENTRAL MANHATTAN,B,Tompkins Square Park,11,1,Gray,1,NA,NA,Indifferent,NA,NA,NA,3
B-11-47,CENTRAL MANHATTAN,B,Tompkins Square Park,11,1,Gray,1,NA,NA,Indifferent,NA,NA,NA,3
B-11-48,CENTRAL MANHATTAN,B,Tompkins Square Park,11,3,Black,1,NA,NA,Indifferent,NA,NA,NA,3
B-11-49,CENTRAL MANHATTAN,B,Tompkins Square Park,11,3,Black,1,NA,NA,Indifferent,NA,NA,NA,3
B-11-50,CENTRAL MANHATTAN,B,Tompkins Square Park,11,1,Gray,1,NA,NA,Indifferent,NA,NA,NA,5
B-11-51,CENTRAL MANHATTAN,B,Tompkins Square Park,11,3,Black,1,NA,NA,Indifferent,NA,NA,NA,5
B-11-52,CENTRAL MANHATTAN,B,Tompkins Square Park,11,1,Gray,1,NA,NA,Indifferent,NA,NA,NA,3
B-11-53,CENTRAL MANHATTAN,B,Tompkins Square Park,11,1,Gray,1,NA,NA,Indifferent,NA,NA,NA,3
B-11-54,CENTRAL MANHATTAN,B,Tompkins Square Park,11,1,Gray,0,NA,Tree,Indifferent,NA,NA,NA,4
B-11-55,CENTRAL MANHATTAN,B,Tompkins Square Park,11,1,Gray,0,NA,Tree,NA,NA,NA,NA,4
B-11-56,CENTRAL MANHATTAN,B,Tompkins Square Park,11,1,Gray,0,NA,Tree,NA,NA,NA,NA,4
B-11-57,CENTRAL MANHATTAN,B,Tompkins Square Park,11,1,Gray,0,NA,Tree,NA,NA,NA,NA,4
B-11-58,CENTRAL MANHATTAN,B,Tompkins Square Park,11,1,Gray,1,NA,NA,NA,NA,NA,NA,3
B-11-59,CENTRAL MANHATTAN,B,Tompkins Square Park,11,1,Gray,1,NA,NA,NA,NA,NA,NA,3
B-12-01,CENTRAL MANHATTAN,B,John V. Lindsay East River Park,12,1,Gray,1,NA,NA,Indifferent,40.725738,-73.972105,POINT (-73.972105 40.725738),1
B-12-02,CENTRAL MANHATTAN,B,John V. Lindsay East River Park,12,3,Black,1,NA,NA,NA,40.722614,-73.972894,POINT (-73.972894 40.722614),1
B-12-03,CENTRAL MANHATTAN,B,John V. Lindsay East River Park,12,1,Gray,1,NA,NA,Approaches,40.72263,-73.973001,POINT (-73.973001 40.72263),4
B-12-04,CENTRAL MANHATTAN,B,John V. Lindsay East River Park,12,1,Gray,1,NA,NA,NA,40.72263,-73.973109,POINT (-73.973109 40.72263),1
B-12-05,CENTRAL MANHATTAN,B,John V. Lindsay East River Park,12,1,Gray,1,NA,NA,Approaches,40.722614,-73.973033,POINT (-73.973033 40.722614),2
B-12-06,CENTRAL MANHATTAN,B,John V. Lindsay East River Park,12,1,Gray,1,NA,NA,Approaches,40.722173,-73.97272,POINT (-73.97272 40.722173),2
B-12-07,CENTRAL MANHATTAN,B,John V. Lindsay East River Park,12,1,Gray,1,8,NA,Indifferent,40.719379000000004,-73.973504,POINT (-73.973504 40.719379),4
B-12-08,CENTRAL MANHATTAN,B,John V. Lindsay East River Park,12,1,Gray,1,8,NA,Indifferent,40.71935,-73.973445,POINT (-73.973445 40.71935),4
B-12-09,CENTRAL MANHATTAN,B,John V. Lindsay East River Park,12,1,Gray,2,12,in a tree,NA,40.721923,-73.974121,POINT (-73.974121 40.721923),4
B-12-10,CENTRAL MANHATTAN,B,John V. Lindsay East River Park,12,1,Gray,1,NA,NA,Approaches,40.724011,-73.97313,POINT (-73.97313 40.724011),2
B-12-11,CENTRAL MANHATTAN,B,John V. Lindsay East River Park,12,1,Gray,1,NA,NA,Indifferent,40.724608,-73.972841,POINT (-73.972841 40.724608),4
B-12-12,CENTRAL MANHATTAN,B,John V. Lindsay East River Park,12,1,Gray,1,NA,NA,Runs From,40.724774,-73.97275,POINT (-73.97275 40.724774),2
C-14-01,LOWER MANHATTAN,C,Seward Park,14,1,"Cinnamon, White",1,NA,NA,Runs From,40.715415,-73.989567,POINT (-73.989567 40.715415),2
C-14-02,LOWER MANHATTAN,C,Seward Park,14,1,Cinnamon,1,NA,NA,Indifferent,40.715484,-73.989299,POINT (-73.989299 40.715484),2
C-14-03,LOWER MANHATTAN,C,Seward Park,14,1,Cinnamon,1,NA,NA,Runs From,40.714749,-73.989577,POINT (-73.989577 40.714749),3
C-14-04,LOWER MANHATTAN,C,Seward Park,14,1,Cinnamon,1,NA,NA,Approaches,40.71468,-73.989776,POINT (-73.989776 40.71468),4
C-14-05,LOWER MANHATTAN,C,Seward Park,14,1,Cinnamon,1,9,NA,Approaches,40.714846,-73.989679,POINT (-73.989679 40.714846),4
C-14-06,LOWER MANHATTAN,C,Seward Park,14,1,Cinnamon,1,NA,NA,Indifferent,40.715033,-73.989609,POINT (-73.989609 40.715033),1
C-14-07,LOWER MANHATTAN,C,Seward Park,14,1,Cinnamon,1,NA,NA,Indifferent,40.715208,-73.989534,POINT (-73.989534 40.715208),1
C-15-01,LOWER MANHATTAN,C,Corlears Hook Park,15,1,NA,2,20,NA,Runs From,40.712159,-73.979415,POINT (-73.979415 40.712159),1
C-15-02,LOWER MANHATTAN,C,Corlears Hook Park,15,1,NA,0,NA,NA,Indifferent,40.712199,-73.979519,POINT (-73.979519 40.712199),2
C-15-03,LOWER MANHATTAN,C,Corlears Hook Park,15,1,NA,0,NA,NA,NA,40.712118,-73.97968,POINT (-73.97968 40.712118),0
C-15-04,LOWER MANHATTAN,C,Corlears Hook Park,15,1,Cinnamon,0,NA,NA,NA,40.712179,-73.979776,POINT (-73.979776 40.712179),0
C-15-05,LOWER MANHATTAN,C,Corlears Hook Park,15,1,Cinnamon,0,NA,NA,NA,40.712216,-73.979857,POINT (-73.979857 40.712216),0
C-15-06,LOWER MANHATTAN,C,Corlears Hook Park,15,1,NA,2,15,NA,NA,40.712224,-73.979669,POINT (-73.979669 40.712224),0
C-15-07,LOWER MANHATTAN,C,Corlears Hook Park,15,1,NA,2,25,NA,NA,40.71224,-73.979744,POINT (-73.979744 40.71224),0
C-15-08,LOWER MANHATTAN,C,Corlears Hook Park,15,1,NA,0,NA,NA,NA,40.711927,-73.979658,POINT (-73.979658 40.711927),0
C-15-09,LOWER MANHATTAN,C,Corlears Hook Park,15,1,Cinnamon,2,8,NA,NA,40.711866,-73.97976,POINT (-73.97976 40.711866),1
C-15-10,LOWER MANHATTAN,C,Corlears Hook Park,15,1,Gray,2,8,NA,Approaches,40.71174,-73.980539,POINT (-73.980539 40.71174),1
C-15-11,LOWER MANHATTAN,C,Corlears Hook Park,15,1,White,0,NA,Handrail,Approaches,40.711442,-73.978354,POINT (-73.978354 40.711442),0
C-15-12,LOWER MANHATTAN,C,Corlears Hook Park,15,1,NA,2,15,NA,Defensive,40.711316,-73.978343,POINT (-73.978343 40.711316),0
C-15-13,LOWER MANHATTAN,C,Corlears Hook Park,15,1,Black,1,30,NA,NA,40.711417,73.977767,POINT (73.977767 40.711417),1
C-15-14,LOWER MANHATTAN,C,Corlears Hook Park,15,1,Black,1,30,NA,NA,40.711421,-73.977692,POINT (-73.977692 40.711421),1
C-15-15,LOWER MANHATTAN,C,Corlears Hook Park,15,1,Black,1,30,NA,NA,40.711409,-73.977719,POINT (-73.977719 40.711409),1
C-15-16,LOWER MANHATTAN,C,Corlears Hook Park,15,2,NA,2,20‰ÛÒ30,NA,Indifferent,40.711303,-73.97759,POINT (-73.97759 40.711303),3
C-16-01,LOWER MANHATTAN,C,Columbus Park,16,1,Cinnamon,1,NA,NA,Approaches,40.714867,-74.000236,POINT (-74.000236 40.714867),4
C-16-02,LOWER MANHATTAN,C,Columbus Park,16,1,Cinnamon,1,NA,NA,NA,40.7159,-74.000167,POINT (-74.000167 40.7159),1
C-16-03,LOWER MANHATTAN,C,Columbus Park,16,1,NA,2,25,NA,Indifferent,40.714875,-74.000346,POINT (-74.000346 40.714875),0
C-16-04,LOWER MANHATTAN,C,Columbus Park,16,1,NA,2,35,NA,Approaches,40.715779,-73.999887,POINT (-73.999887 40.715779),4
C-18-01,LOWER MANHATTAN,C,Teardrop Park,18,1,Cinnamon,1,NA,NA,Runs From,40.716335,-74.015612,POINT (-74.015612 40.716335),1
C-19-01,LOWER MANHATTAN,C,City Hall Park,19,1,White,1,NA,NA,NA,40.712828,-74.005072,POINT (-74.005072 40.712828),3
C-19-02,LOWER MANHATTAN,C,City Hall Park,19,1,NA,2,NA,NA,NA,40.712938,-74.005152,POINT (-74.005152 40.712938),4
C-19-03,LOWER MANHATTAN,C,City Hall Park,19,1,NA,2,NA,NA,NA,40.712938,-74.005152,POINT (-74.005152 40.712938),4
C-19-04,LOWER MANHATTAN,C,City Hall Park,19,1,"Cinnamon, White",1,NA,NA,Approaches,40.712893,-74.005233,POINT (-74.005233 40.712893),2
C-19-05,LOWER MANHATTAN,C,City Hall Park,19,1,"Cinnamon, White",1,NA,NA,Approaches,40.712893,-74.005233,POINT (-74.005233 40.712893),2
C-19-06,LOWER MANHATTAN,C,City Hall Park,19,1,Cinnamon,1,NA,NA,Approaches,40.712922,-74.005147,POINT (-74.005147 40.712922),2
C-19-07,LOWER MANHATTAN,C,City Hall Park,19,1,Cinnamon,1,NA,NA,Approaches,40.712922,-74.005147,POINT (-74.005147 40.712922),2
C-19-08,LOWER MANHATTAN,C,City Hall Park,19,1,White,1,NA,NA,Approaches,40.713044,-74.005404,POINT (-74.005404 40.713044),2
C-19-09,LOWER MANHATTAN,C,City Hall Park,19,1,Gray,2,5,NA,"Indifferent, Runs From",40.712836,-74.005662,POINT (-74.005662 40.712836),4
C-19-10,LOWER MANHATTAN,C,City Hall Park,19,1,White,1,NA,on City Hall back steps,Indifferent,40.712881,-74.005823,POINT (-74.005823 40.712881),1
C-19-11,LOWER MANHATTAN,C,City Hall Park,19,1,"Cinnamon, White",1,NA,by back steps of City Hall,Indifferent,40.712995,-74.005963,POINT (-74.005963 40.712995),2
C-19-12,LOWER MANHATTAN,C,City Hall Park,19,1,White,1,NA,NA,Indifferent,40.713044,-74.006242,POINT (-74.006242 40.713044),0
C-19-13,LOWER MANHATTAN,C,City Hall Park,19,1,NA,2,30,NA,Indifferent,40.713276,-74.006323,POINT (-74.006323 40.713276),0
C-19-14,LOWER MANHATTAN,C,City Hall Park,19,1,White,1,NA,NA,"Approaches, Runs From",40.713339,-74.006313,POINT (-74.006313 40.713339),2
C-19-15,LOWER MANHATTAN,C,City Hall Park,19,1,White,1,NA,NA,NA,40.713518,-74.006308,POINT (-74.006308 40.713518),1
C-19-16,LOWER MANHATTAN,C,City Hall Park,19,1,White,2,3,NA,Watching,40.71312,-74.006862,POINT (-74.006862 40.71312),4
C-19-17,LOWER MANHATTAN,C,City Hall Park,19,1,White,1,NA,NA,Indifferent,40.712872,-74.006878,POINT (-74.006878 40.712872),2
C-19-18,LOWER MANHATTAN,C,City Hall Park,19,1,White,1,NA,NA,Indifferent,40.712872,-74.006878,POINT (-74.006878 40.712872),2
C-20-01,LOWER MANHATTAN,C,Battery Park,20,1,Cinnamon,2,5,NA,Interested in,40.704053,-74.01612,POINT (-74.01612 40.704053),0
C-20-02,LOWER MANHATTAN,C,Battery Park,20,1,"Cinnamon, White",0,NA,on fencing,NA,40.704011,-74.016134,POINT (-74.016134 40.704011),4
C-20-03,LOWER MANHATTAN,C,Battery Park,20,1,"Cinnamon, White",1,NA,NA,Indifferent,40.703897,-74.016118,POINT (-74.016118 40.703897),0
C-20-04,LOWER MANHATTAN,C,Battery Park,20,0,NA,1,NA,NA,Cautious of,40.703885,-74.016161,POINT (-74.016161 40.703885),0
C-20-05,LOWER MANHATTAN,C,Battery Park,20,1,"Cinnamon, White",0,NA,on fencing,NA,40.703848,-74.016134,POINT (-74.016134 40.703848),0
C-20-06,LOWER MANHATTAN,C,Battery Park,20,2,"Gray, White",1,NA,NA,NA,40.703882,-74.015955,POINT (-74.015955 40.703882),0
C-20-07,LOWER MANHATTAN,C,Battery Park,20,2,White,1,NA,NA,Runs From,40.704211,-74.015859,POINT (-74.015859 40.704211),1
C-20-08,LOWER MANHATTAN,C,Battery Park,20,1,White,1,NA,NA,NA,40.704142,-74.015837,POINT (-74.015837 40.704142),3
C-20-09,LOWER MANHATTAN,C,Battery Park,20,1,White,1,NA,NA,NA,40.704175,-74.015306,POINT (-74.015306 40.704175),3
C-20-10,LOWER MANHATTAN,C,Battery Park,20,1,"Cinnamon, White",1,NA,NA,Indifferent,40.704171,-74.015242,POINT (-74.015242 40.704171),1
C-20-11,LOWER MANHATTAN,C,Battery Park,20,1,White,1,NA,NA,Indifferent,40.704468,-74.014774,POINT (-74.014774 40.704468),3
C-20-12,LOWER MANHATTAN,C,Battery Park,20,1,White,1,NA,NA,Indifferent,40.704453,-74.014757,POINT (-74.014757 40.704453),3
C-20-13,LOWER MANHATTAN,C,Battery Park,20,1,White,1,NA,NA,Indifferent,40.70442,-74.014741,POINT (-74.014741 40.70442),2
C-20-14,LOWER MANHATTAN,C,Battery Park,20,1,Cinnamon,2,10,in tree,Indifferent,40.704188,-74.014853,POINT (-74.014853 40.704188),0
C-20-15,LOWER MANHATTAN,C,Battery Park,20,1,White,0,NA,NA,NA,40.70352,-74.015273,POINT (-74.015273 40.70352),5
C-20-16,LOWER MANHATTAN,C,Battery Park,20,1,White,0,NA,NA,NA,40.703487,-74.015278,POINT (-74.015278 40.703487),5
C-20-17,LOWER MANHATTAN,C,Battery Park,20,1,White,0,NA,NA,NA,40.703989,-74.015202,POINT (-74.015202 40.703989),0
C-20-18,LOWER MANHATTAN,C,Battery Park,20,1,NA,1,NA,NA,NA,40.703383,-74.015584,POINT (-74.015584 40.703383),0
C-20-19,LOWER MANHATTAN,C,Battery Park,20,1,Cinnamon,2,2,NA,NA,40.70295,-74.015813,POINT (-74.015813 40.70295),4
C-20-20,LOWER MANHATTAN,C,Battery Park,20,2,NA,1,NA,NA,NA,40.702934,-74.015775,POINT (-74.015775 40.702934),0
C-20-21,LOWER MANHATTAN,C,Battery Park,20,1,White,2,20,in a tree,NA,40.702922,-74.016629,POINT (-74.016629 40.702922),0
C-20-22,LOWER MANHATTAN,C,Battery Park,20,2,NA,0,NA,on a bench,NA,40.702411,-74.015896,POINT (-74.015896 40.702411),0
C-20-23,LOWER MANHATTAN,C,Battery Park,20,1,NA,0,NA,NA,NA,40.702313,-74.015644,POINT (-74.015644 40.702313),0
C-20-24,LOWER MANHATTAN,C,Battery Park,20,1,Cinnamon,0,NA,on fence,NA,40.702467,-74.015757,POINT (-74.015757 40.702467),4
C-20-25,LOWER MANHATTAN,C,Battery Park,20,1,Cinnamon,2,15,in a tree,NA,40.702597,-74.016132,POINT (-74.016132 40.702597),0
C-20-26,LOWER MANHATTAN,C,Battery Park,20,1,Cinnamon,0,NA,on fence,NA,40.702618,-74.016556,POINT (-74.016556 40.702618),4
D-21-01,BROOKLYN,D,Msgr. McGolrick Park,21,1,Cinnamon,2,10‰ÛÒ12,NA,Staring,40.725308,-73.942789,POINT (-73.942789 40.725308),0
D-21-02,BROOKLYN,D,Msgr. McGolrick Park,21,1,Cinnamon,2,< 1,NA,Indifferent,40.725511,-73.943609,POINT (-73.943609 40.725511),4
D-21-03,BROOKLYN,D,Msgr. McGolrick Park,21,1,Cinnamon,1,NA,NA,Approaches,40.725511,-73.943448,POINT (-73.943448 40.725511),5
D-21-04,BROOKLYN,D,Msgr. McGolrick Park,21,1,NA,2,15,NA,NA,40.725478,-73.944113,POINT (-73.944113 40.725478),4
D-21-05,BROOKLYN,D,Msgr. McGolrick Park,21,1,NA,2,30,NA,NA,40.725527,-73.943974,POINT (-73.943974 40.725527),2
D-21-06,BROOKLYN,D,Msgr. McGolrick Park,21,1,Cinnamon,1,NA,NA,Approaches,40.725397,-73.944124,POINT (-73.944124 40.725397),2
D-21-07,BROOKLYN,D,Msgr. McGolrick Park,21,1,NA,2,30,NA,NA,40.725413,-73.943984,POINT (-73.943984 40.725413),4
D-21-08,BROOKLYN,D,Msgr. McGolrick Park,21,1,NA,1,NA,NA,NA,40.724755,-73.944006,POINT (-73.944006 40.724755),4
D-21-09,BROOKLYN,D,Msgr. McGolrick Park,21,1,NA,1,NA,NA,NA,40.723974,-73.943845,POINT (-73.943845 40.723974),4
D-21-10,BROOKLYN,D,Msgr. McGolrick Park,21,1,NA,1,NA,NA,NA,40.723462,-73.943952,POINT (-73.943952 40.723462),4
D-21-11,BROOKLYN,D,Msgr. McGolrick Park,21,1,NA,1,NA,NA,NA,40.725372,-73.943652,POINT (-73.943652 40.725372),4
D-21-12,BROOKLYN,D,Msgr. McGolrick Park,21,1,White,2,15,by playground,Indifferent,40.725364,-73.943512,POINT (-73.943512 40.725364),0
D-21-13,BROOKLYN,D,Msgr. McGolrick Park,21,1,Gray,1,NA,at Nassau (Avenue) / Henry (Street),Runs From,40.725397,-73.943297,POINT (-73.943297 40.725397),1
D-21-14,BROOKLYN,D,Msgr. McGolrick Park,21,1,Cinnamon,1,NA,NA,Indifferent,40.725197,-73.943273,POINT (-73.943273 40.725197),1
D-22-01,BROOKLYN,D,McCarren Park,22,2,White,1,NA,NA,Indifferent,40.72167,-73.953364,POINT (-73.953364 40.72167),2
D-22-02,BROOKLYN,D,McCarren Park,22,1,White,1,NA,NA,Approaches,40.721768,-73.953192,POINT (-73.953192 40.721768),2
D-22-03,BROOKLYN,D,McCarren Park,22,1,White,1,NA,NA,Runs From,40.721662,-73.953278,POINT (-73.953278 40.721662),1
D-22-04,BROOKLYN,D,McCarren Park,22,1,Cinnamon,2,NA,NA,Runs From,40.721857,-73.953139,POINT (-73.953139 40.721857),4
D-22-05,BROOKLYN,D,McCarren Park,22,2,NA,1,NA,NA,Approaches,40.721941,-73.952947,POINT (-73.952947 40.721941),1
D-22-06,BROOKLYN,D,McCarren Park,22,2,NA,2,NA,NA,Approaches,40.722039,-73.952796,POINT (-73.952796 40.722039),4
D-22-07,BROOKLYN,D,McCarren Park,22,2,NA,1,NA,NA,Approaches,40.72147,-73.952857,POINT (-73.952857 40.72147),5
D-22-08,BROOKLYN,D,McCarren Park,22,2,White,1,NA,NA,Runs From,40.721713,-73.95305,POINT (-73.95305 40.721713),1
D-22-09,BROOKLYN,D,McCarren Park,22,1,Gray,1,NA,In a trash and metal heap next to baseball field,Indifferent,40.721933,-73.953147,POINT (-73.953147 40.721933),2
D-22-10,BROOKLYN,D,McCarren Park,22,1,"Cinnamon, White",2,12,in tree,Runs From,40.722283,-73.953115,POINT (-73.953115 40.722283),4
D-22-11,BROOKLYN,D,McCarren Park,22,1,Gray,1,NA,NA,Runs From,40.722698,-73.953198,POINT (-73.953198 40.722698),1
D-22-12,BROOKLYN,D,McCarren Park,22,1,White,1,NA,NA,Indifferent,40.722819,-73.952095,POINT (-73.952095 40.722819),2
D-22-13,BROOKLYN,D,McCarren Park,22,1,White,2,NA,NA,Indifferent,40.722966,-73.951987,POINT (-73.951987 40.722966),4
D-22-14,BROOKLYN,D,McCarren Park,22,2,White,2,3,in short tree,Indifferent,40.723136,-73.951794,POINT (-73.951794 40.723136),4
D-22-15,BROOKLYN,D,McCarren Park,22,1,White,2,NA,in tree,Indifferent,40.723071,-73.951697,POINT (-73.951697 40.723071),2
D-22-16,BROOKLYN,D,McCarren Park,22,2,Gray,1,NA,below park benches,Indifferent,40.723006,-73.951655,POINT (-73.951655 40.723006),3
D-22-17,BROOKLYN,D,McCarren Park,22,1,"Cinnamon, White",2,9,NA,Indifferent,40.722962,-73.951752,POINT (-73.951752 40.722962),0
D-22-18,BROOKLYN,D,McCarren Park,22,2,Cinnamon,2,14,NA,Indifferent,40.722603,-73.951449,POINT (-73.951449 40.722603),0
D-22-19,BROOKLYN,D,McCarren Park,22,2,"Gray, White",2,20,NA,NA,40.721247,-73.951609,POINT (-73.951609 40.721247),1
D-22-20,BROOKLYN,D,McCarren Park,22,1,"Cinnamon, White",2,75,NA,Indifferent,40.720606,-73.952769,POINT (-73.952769 40.720606),4
D-22-21,BROOKLYN,D,McCarren Park,22,1,"Cinnamon, White",2,15,NA,Indifferent,40.720582,-73.952694,POINT (-73.952694 40.720582),5
D-22-22,BROOKLYN,D,McCarren Park,22,1,"Cinnamon, White",2,20,NA,Indifferent,40.720533,-73.95272,POINT (-73.95272 40.720533),4
D-22-23,BROOKLYN,D,McCarren Park,22,1,White,2,20,NA,Indifferent,40.720488,-73.952806,POINT (-73.952806 40.720488),4
D-22-24,BROOKLYN,D,McCarren Park,22,1,White,1,NA,NA,Indifferent,40.720458,-73.954244,POINT (-73.954244 40.720458),2
D-22-25,BROOKLYN,D,McCarren Park,22,1,"Cinnamon, White",1,NA,NA,Skittish to humans,40.720018,-73.953442,POINT (-73.953442 40.720018),3
D-22-26,BROOKLYN,D,McCarren Park,22,1,White,1,NA,NA,Indifferent,40.720026,-73.953652,POINT (-73.953652 40.720026),1
D-22-27,BROOKLYN,D,McCarren Park,22,1,Cinnamon,1,NA,NA,Indifferent,40.719777,-73.952774,POINT (-73.952774 40.719777),2
D-22-28,BROOKLYN,D,McCarren Park,22,1,White,1,NA,NA,Indifferent,40.720114,-73.952768,POINT (-73.952768 40.720114),1
D-22-29,BROOKLYN,D,McCarren Park,22,1,"Cinnamon, White",1,NA,NA,Runs From,40.719944,-73.952505,POINT (-73.952505 40.719944),0
D-22-30,BROOKLYN,D,McCarren Park,22,1,White,1,NA,NA,Indifferent,40.720448,-73.952521,POINT (-73.952521 40.720448),3
D-22-31,BROOKLYN,D,McCarren Park,22,2,White,1,NA,NA,Indifferent,40.720412,-73.952353,POINT (-73.952353 40.720412),3
D-22-32,BROOKLYN,D,McCarren Park,22,1,"Cinnamon, White",1,NA,NA,Indifferent,40.720372,-73.952326,POINT (-73.952326 40.720372),3
D-22-33,BROOKLYN,D,McCarren Park,22,1,Cinnamon,1,NA,NA,Indifferent,40.720749,-73.951891,POINT (-73.951891 40.720749),3
D-22-34,BROOKLYN,D,McCarren Park,22,2,Cinnamon,2,15,NA,Indifferent,40.721181,-73.951255,POINT (-73.951255 40.721181),0
D-22-35,BROOKLYN,D,McCarren Park,22,2,Cinnamon,2,15,NA,NA,40.721181,-73.951255,POINT (-73.951255 40.721181),0
D-22-36,BROOKLYN,D,McCarren Park,22,2,"Gray, Cinnamon",1,NA,NA,NA,40.72112,-73.95104,POINT (-73.95104 40.72112),2
D-22-37,BROOKLYN,D,McCarren Park,22,1,Gray,1,NA,NA,Indifferent,40.721315,-73.950943,POINT (-73.950943 40.721315),1
D-22-38,BROOKLYN,D,McCarren Park,22,1,"Cinnamon, White",1,NA,NA,NA,40.721258,-73.950799,POINT (-73.950799 40.721258),2
D-22-39,BROOKLYN,D,McCarren Park,22,1,"Cinnamon, White",1,NA,NA,NA,40.721217,-73.95077,POINT (-73.95077 40.721217),2
D-22-40,BROOKLYN,D,McCarren Park,22,2,White,1,NA,NA,Indifferent,40.721173,-73.950781,POINT (-73.950781 40.721173),3
D-22-41,BROOKLYN,D,McCarren Park,22,2,Cinnamon,2,NA,NA,Indifferent,40.721161,-73.950732,POINT (-73.950732 40.721161),1
D-22-42,BROOKLYN,D,McCarren Park,22,1,Gray,2,NA,NA,Indifferent,40.721124,-73.950797,POINT (-73.950797 40.721124),4
D-22-43,BROOKLYN,D,McCarren Park,22,1,White,2,10,NA,Indifferent,40.721026,-73.950765,POINT (-73.950765 40.721026),1
D-22-44,BROOKLYN,D,McCarren Park,22,1,"Cinnamon, White",1,NA,NA,Runs From,40.719376,-73.952326,POINT (-73.952326 40.719376),3
